{"fluidattacks_core.bugsnag.client": 1739396535.8379655, "fluidattacks_core.aio.threads": 1747916861.098343, "fluidattacks_core.logging.utils": 1758561010.6996877, "fluidattacks_core.aio.tasks": 1757625060.5301352, "fluidattacks_core.git.download_repo": 1755801267.5268612, "fluidattacks_core.aio.runners": 1752767033.700037, "fluidattacks_core.http": 1731932218.6934266, "fluidattacks_core.git.https_utils": 1746806572.286927, "fluidattacks_core.git.download_file": 1755801267.5263772, "fluidattacks_core.logging": 1758316994.2201977, "fluidattacks_core.serializers.syntax": 1759792683.59103, "fluidattacks_core.git.ssh_utils": 1738603522.5823505, "fluidattacks_core.filesystem": 1758134624.4729784, "fluidattacks_core": 1731932218.6816308, "fluidattacks_core.logging.presets": 1754655634.3748353, "fluidattacks_core.git.delete_files": 1755801267.5258074, "fluidattacks_core.aio": 1757625060.4438252, "fluidattacks_core.http.validations": 1736335784.6134064, "fluidattacks_core.http.client": 1737465823.3583348, "fluidattacks_core.cpg": 1756244911.2668607, "fluidattacks_core.git": 1756746536.9976442, "fluidattacks_core.logging.types": 1754655634.375058, "fluidattacks_core.filesystem.defaults": 1758134624.4765687, "fluidattacks_core.git.warp": 1753998248.5283618, "fluidattacks_core.serializers": 1737469297.105339, "fluidattacks_core.logging.formatters": 1758561010.6990557, "fluidattacks_core.aio.processes": 1747916861.098114, "fluidattacks_core.git.remote": 1738603522.5815847, "fluidattacks_core.git.utils": 1733146372.7628214, "fluidattacks_core.git.classes": 1733146372.7610252, "fluidattacks_core.logging.handlers": 1758561010.69953, "fluidattacks_core.authz.types": 1731932218.685852, "fluidattacks_core.serializers.snippet": 1751894301.0792398, "fluidattacks_core.git.codecommit_utils": 1738603522.580819, "fluidattacks_core.logging.filters": 1754655634.3742392, "fluidattacks_core.authz": 1731932218.6838653, "fluidattacks_core.bugsnag": 1739396535.8373046, "fluidattacks_core.cpg.joern": 1757524394.3607244, "fluidattacks_core.git.clone": 1756746514.7167425}
