日期,经度,纬度,浊度,叶绿素a,总氮,总磷,悬浮物,溶解氧,高锰酸盐指数,COD,氨氮,透明度,色度
2025/10/1,120.199905,30.199575,19.3,8.37,5.36,5.5,344,19.8,0.103,0.034,0.555,3.47,2995.64
2025/10/2,120.200789,30.199143,19.6,8.38,5.61,2.97,344,16.66,0.097,0.027,0.516,3.22,1943.37
2025/10/3,120.202716,30.19842,19.6,8.42,5.53,2.9,345,15.93,0.101,0.024,0.509,3.1,5915.74
2025/10/4,120.204226,30.197824,19.5,8.56,6.27,3.64,344,17.29,0.07,0.029,0.466,3.44,8075.64
2025/10/5,120.204617,30.197671,19.3,8.57,6.64,3.04,344,17.08,0.07,0.027,0.465,3.55,2992.08
